{
  "iframe-aria": [
    [
      0.12549141486240745,
      27.31761291258338
    ],
    [
      0.24448032303937697,
      31.290990171604783
    ],
    [
      0.4545535829193904,
      33.857210141457095
    ]
  ],
  "pframe-imu": [
    [
      0.04137603016641034,
      28.252022762268098
    ],
    [
      0.14188415264647045,
      31.158387866158648
    ],
    [
      0.4193537917427237,
      33.41596461986447
    ]
  ],
  "pframe-noimu": [
    [
      0.05754074176858417,
      25.630053692368097
    ],
    [
      0.19055744165646712,
      29.53237374785249
    ],
    [
      0.43642788578688874,
      32.541493912152795
    ]
  ]
}